{
    "unidad_base_1_2": 218.11235636707977,
    "aristas": [
        [
            1,
            2
        ],
        [
            1,
            3
        ],
        [
            2,
            4
        ],
        [
            3,
            9
        ],
        [
            4,
            10
        ],
        [
            5,
            6
        ],
        [
            7,
            8
        ],
        [
            1,
            14
        ],
        [
            14,
            11
        ],
        [
            12,
            13
        ],
        [
            14,
            15
        ],
        [
            2,
            15
        ],
        [
            16,
            17
        ],
        [
            15,
            18
        ],
        [
            9,
            19
        ],
        [
            19,
            20
        ],
        [
            20,
            21
        ],
        [
            21,
            22
        ],
        [
            22,
            23
        ],
        [
            10,
            23
        ],
        [
            19,
            24
        ],
        [
            24,
            25
        ],
        [
            25,
            27
        ],
        [
            27,
            28
        ],
        [
            23,
            28
        ],
        [
            24,
            30
        ],
        [
            28,
            30
        ],
        [
            26,
            29
        ],
        [
            29,
            30
        ]
    ],
    "grafo_normalizado": {
        "1": {
            "2": 1.0,
            "3": 0.7393040874404075,
            "14": 0.5221433105256781
        },
        "2": {
            "1": 1.0,
            "4": 0.7619589373682164,
            "15": 0.5353224386288703
        },
        "3": {
            "1": 0.7393040874404075,
            "9": 0.436736126368567
        },
        "4": {
            "2": 0.7619589373682164,
            "10": 0.4325285045373293
        },
        "9": {
            "3": 0.436736126368567,
            "19": 0.9732836281100502
        },
        "10": {
            "4": 0.4325285045373293,
            "23": 0.8426295709160623
        },
        "5": {
            "6": 0.1833917191407561
        },
        "6": {
            "5": 0.1833917191407561
        },
        "7": {
            "8": 0.20687528869191701
        },
        "8": {
            "7": 0.20687528869191701
        },
        "14": {
            "1": 0.5221433105256781,
            "11": 1.147050699128535,
            "15": 0.6983950599216406
        },
        "11": {
            "14": 1.147050699128535
        },
        "12": {
            "13": 0.2477485697943756
        },
        "13": {
            "12": 0.2477485697943756
        },
        "15": {
            "14": 0.6983950599216406,
            "2": 0.5353224386288703,
            "18": 1.1260311291800305
        },
        "16": {
            "17": 0.20178298424900018
        },
        "17": {
            "16": 0.20178298424900018
        },
        "18": {
            "15": 1.1260311291800305
        },
        "19": {
            "9": 0.9732836281100502,
            "20": 1.2066718721864245,
            "24": 0.9047737845928362
        },
        "20": {
            "19": 1.2066718721864245,
            "21": 0.5850777893502235
        },
        "21": {
            "20": 0.5850777893502235,
            "22": 0.5671075716607091
        },
        "22": {
            "21": 0.5671075716607091,
            "23": 1.205878997826982
        },
        "23": {
            "22": 1.205878997826982,
            "10": 0.8426295709160623,
            "28": 0.9318415497430833
        },
        "24": {
            "19": 0.9047737845928362,
            "25": 0.777484105074202,
            "30": 1.8742777250797267
        },
        "25": {
            "24": 0.777484105074202,
            "27": 1.3760567014073173
        },
        "27": {
            "25": 1.3760567014073173,
            "28": 0.8392175192434517
        },
        "28": {
            "27": 0.8392175192434517,
            "23": 0.9318415497430833,
            "30": 1.936590721076983
        },
        "30": {
            "24": 1.8742777250797267,
            "28": 1.936590721076983,
            "29": 0.9826870338876738
        },
        "26": {
            "29": 0.3991140631426436
        },
        "29": {
            "26": 0.3991140631426436,
            "30": 0.9826870338876738
        }
    }
}