{
    "unidad_base_1_2": 145.0551619212498,
    "aristas": [
        [
            1,
            2
        ],
        [
            1,
            3
        ],
        [
            2,
            4
        ],
        [
            3,
            9
        ],
        [
            4,
            10
        ],
        [
            5,
            6
        ],
        [
            7,
            8
        ],
        [
            1,
            14
        ],
        [
            14,
            11
        ],
        [
            12,
            13
        ],
        [
            14,
            15
        ],
        [
            2,
            15
        ],
        [
            16,
            17
        ],
        [
            15,
            18
        ],
        [
            9,
            19
        ],
        [
            19,
            20
        ],
        [
            20,
            21
        ],
        [
            21,
            22
        ],
        [
            22,
            23
        ],
        [
            10,
            23
        ],
        [
            19,
            24
        ],
        [
            24,
            25
        ],
        [
            25,
            27
        ],
        [
            27,
            28
        ],
        [
            23,
            28
        ],
        [
            24,
            30
        ],
        [
            28,
            30
        ],
        [
            26,
            29
        ],
        [
            29,
            30
        ]
    ],
    "grafo_normalizado": {
        "1": {
            "2": 1.0,
            "3": 0.7689744503181796,
            "14": 0.5250259973511662
        },
        "2": {
            "1": 1.0,
            "4": 0.7792884754805047,
            "15": 0.5691981223990947
        },
        "3": {
            "1": 0.7689744503181796,
            "9": 0.5327539904260774
        },
        "4": {
            "2": 0.7792884754805047,
            "10": 0.45499931974727853
        },
        "9": {
            "3": 0.5327539904260774,
            "19": 0.7672109934831866
        },
        "10": {
            "4": 0.45499931974727853,
            "23": 0.8638068387351954
        },
        "5": {
            "6": 0.15915871214403368
        },
        "6": {
            "5": 0.15915871214403368
        },
        "7": {
            "8": 0.145427593408785
        },
        "8": {
            "7": 0.145427593408785
        },
        "14": {
            "1": 0.5250259973511662,
            "11": 1.2801378484301282,
            "15": 0.7689744503181796
        },
        "11": {
            "14": 1.2801378484301282
        },
        "12": {
            "13": 0.2984362712119727
        },
        "13": {
            "12": 0.2984362712119727
        },
        "15": {
            "14": 0.7689744503181796,
            "2": 0.5691981223990947,
            "18": 1.1971243843069546
        },
        "16": {
            "17": 0.2663769952130387
        },
        "17": {
            "16": 0.2663769952130387
        },
        "18": {
            "15": 1.1971243843069546
        },
        "19": {
            "9": 0.7672109934831866,
            "20": 1.3694473888573973,
            "24": 0.9833217806255741
        },
        "20": {
            "19": 1.3694473888573973,
            "21": 0.5736892350693754
        },
        "21": {
            "20": 0.5736892350693754,
            "22": 0.5778165489671041
        },
        "22": {
            "21": 0.5778165489671041,
            "23": 1.2547708490241025
        },
        "23": {
            "22": 1.2547708490241025,
            "10": 0.8638068387351954,
            "28": 0.9109382356555363
        },
        "24": {
            "19": 0.9833217806255741,
            "25": 0.9912405677833351,
            "30": 2.5032558049503892
        },
        "25": {
            "24": 0.9912405677833351,
            "27": 1.5511340445929949
        },
        "27": {
            "25": 1.5511340445929949,
            "28": 0.9037622886670007
        },
        "28": {
            "27": 0.9037622886670007,
            "23": 0.9109382356555363,
            "30": 2.4235470189444546
        },
        "30": {
            "24": 2.5032558049503892,
            "28": 2.4235470189444546,
            "29": 1.5533385353761524
        },
        "26": {
            "29": 0.40767551450526524
        },
        "29": {
            "26": 0.40767551450526524,
            "30": 1.5533385353761524
        }
    }
}