{
    "unidad_base_1_2": 192.01041638411183,
    "aristas": [
        [
            1,
            2
        ],
        [
            1,
            3
        ],
        [
            2,
            4
        ],
        [
            3,
            9
        ],
        [
            4,
            10
        ],
        [
            5,
            6
        ],
        [
            7,
            8
        ],
        [
            1,
            14
        ],
        [
            14,
            11
        ],
        [
            12,
            13
        ],
        [
            14,
            15
        ],
        [
            2,
            15
        ],
        [
            16,
            17
        ],
        [
            15,
            18
        ],
        [
            9,
            19
        ],
        [
            19,
            20
        ],
        [
            20,
            21
        ],
        [
            21,
            22
        ],
        [
            22,
            23
        ],
        [
            10,
            23
        ],
        [
            19,
            24
        ],
        [
            24,
            25
        ],
        [
            25,
            27
        ],
        [
            27,
            28
        ],
        [
            23,
            28
        ],
        [
            24,
            30
        ],
        [
            28,
            30
        ],
        [
            26,
            29
        ],
        [
            29,
            30
        ]
    ],
    "grafo_normalizado": {
        "1": {
            "2": 1.0,
            "3": 0.745206372558684,
            "14": 0.27251595404661755
        },
        "2": {
            "1": 1.0,
            "4": 0.7291457100064048,
            "15": 0.28601636257650553
        },
        "3": {
            "1": 0.745206372558684,
            "9": 0.3595064305448856
        },
        "4": {
            "2": 0.7291457100064048,
            "10": 0.2656105900941115
        },
        "9": {
            "3": 0.3595064305448856,
            "19": 1.138003787409516
        },
        "10": {
            "4": 0.2656105900941115,
            "23": 1.0728331798509427
        },
        "5": {
            "6": 0.21410093450321063
        },
        "6": {
            "5": 0.21410093450321063
        },
        "7": {
            "8": 0.2343622853771572
        },
        "8": {
            "7": 0.2343622853771572
        },
        "14": {
            "1": 0.27251595404661755,
            "11": 1.1266736492830194,
            "15": 0.5682744753667621
        },
        "11": {
            "14": 1.1266736492830194
        },
        "12": {
            "13": 0.20338088482352054
        },
        "13": {
            "12": 0.20338088482352054
        },
        "15": {
            "14": 0.5682744753667621,
            "2": 0.28601636257650553,
            "18": 0.9980587646036964
        },
        "16": {
            "17": 0.1782949393160118
        },
        "17": {
            "16": 0.1782949393160118
        },
        "18": {
            "15": 0.9980587646036964
        },
        "19": {
            "9": 1.138003787409516,
            "20": 0.9270476691770217,
            "24": 0.9153436324673566
        },
        "20": {
            "19": 0.9270476691770217,
            "21": 0.6474970797348527
        },
        "21": {
            "20": 0.6474970797348527,
            "22": 0.546622084800084
        },
        "22": {
            "21": 0.546622084800084,
            "23": 0.7436578617199036
        },
        "23": {
            "22": 0.7436578617199036,
            "10": 1.0728331798509427,
            "28": 0.9180953060521008
        },
        "24": {
            "19": 0.9153436324673566,
            "25": 0.3767476724851951,
            "30": 1.3072622450798863
        },
        "25": {
            "24": 0.3767476724851951,
            "27": 1.2604451304496576
        },
        "27": {
            "25": 1.2604451304496576,
            "28": 0.28128296101144323
        },
        "28": {
            "27": 0.28128296101144323,
            "23": 0.9180953060521008,
            "30": 1.1935416238650616
        },
        "30": {
            "24": 1.3072622450798863,
            "28": 1.1935416238650616,
            "29": 0.4062613448896219
        },
        "26": {
            "29": 0.5052077711667783
        },
        "29": {
            "26": 0.5052077711667783,
            "30": 0.4062613448896219
        }
    }
}