{
    "unidad_base_1_2": 143.68368035375485,
    "aristas": [
        [
            1,
            2
        ],
        [
            1,
            3
        ],
        [
            2,
            4
        ],
        [
            3,
            9
        ],
        [
            4,
            10
        ],
        [
            5,
            6
        ],
        [
            7,
            8
        ],
        [
            1,
            14
        ],
        [
            14,
            11
        ],
        [
            12,
            13
        ],
        [
            14,
            15
        ],
        [
            2,
            15
        ],
        [
            16,
            17
        ],
        [
            15,
            18
        ],
        [
            9,
            19
        ],
        [
            19,
            20
        ],
        [
            20,
            21
        ],
        [
            21,
            22
        ],
        [
            22,
            23
        ],
        [
            10,
            23
        ],
        [
            19,
            24
        ],
        [
            24,
            25
        ],
        [
            25,
            27
        ],
        [
            27,
            28
        ],
        [
            23,
            28
        ],
        [
            24,
            30
        ],
        [
            28,
            30
        ],
        [
            26,
            29
        ],
        [
            29,
            30
        ]
    ],
    "grafo_normalizado": {
        "1": {
            "2": 1.0,
            "3": 0.8028165483277174,
            "14": 0.540220526716705
        },
        "2": {
            "1": 1.0,
            "4": 0.7958782168839894,
            "15": 0.49000669723231954
        },
        "3": {
            "1": 0.8028165483277174,
            "9": 0.5227217923259359
        },
        "4": {
            "2": 0.7958782168839894,
            "10": 0.385873085697777
        },
        "9": {
            "3": 0.5227217923259359,
            "19": 0.9848697961553224
        },
        "10": {
            "4": 0.385873085697777,
            "23": 0.9466259825227256
        },
        "5": {
            "6": 0.21675964123493424
        },
        "6": {
            "5": 0.21675964123493424
        },
        "7": {
            "8": 0.21754035767471722
        },
        "8": {
            "7": 0.21754035767471722
        },
        "14": {
            "1": 0.540220526716705,
            "11": 1.1902974182161623,
            "15": 0.7712752977292752
        },
        "11": {
            "14": 1.1902974182161623
        },
        "12": {
            "13": 0.18804162105043493
        },
        "13": {
            "12": 0.18804162105043493
        },
        "15": {
            "14": 0.7712752977292752,
            "2": 0.49000669723231954,
            "18": 1.2175554480484305
        },
        "16": {
            "17": 0.2402872262059363
        },
        "17": {
            "16": 0.2402872262059363
        },
        "18": {
            "15": 1.2175554480484305
        },
        "19": {
            "9": 0.9848697961553224,
            "20": 1.2464918074772962,
            "24": 0.8871953135246117
        },
        "20": {
            "19": 1.2464918074772962,
            "21": 0.6592670802269452
        },
        "21": {
            "20": 0.6592670802269452,
            "22": 0.5464609047910048
        },
        "22": {
            "21": 0.5464609047910048,
            "23": 1.1387832625058334
        },
        "23": {
            "22": 1.1387832625058334,
            "10": 0.9466259825227256,
            "28": 0.9579434256178323
        },
        "24": {
            "19": 0.8871953135246117,
            "25": 0.9551076192248095,
            "30": 2.1957487712635086
        },
        "25": {
            "24": 0.9551076192248095,
            "27": 1.4647881288887143
        },
        "27": {
            "25": 1.4647881288887143,
            "28": 0.8136043550156079
        },
        "28": {
            "27": 0.8136043550156079,
            "23": 0.9579434256178323,
            "30": 1.8697344729328367
        },
        "30": {
            "24": 2.1957487712635086,
            "28": 1.8697344729328367,
            "29": 1.1146224219969334
        },
        "26": {
            "29": 0.4386840445768865
        },
        "29": {
            "26": 0.4386840445768865,
            "30": 1.1146224219969334
        }
    }
}