{
    "unidad_base_1_2": 168.1071087134628,
    "aristas": [
        [
            1,
            2
        ],
        [
            1,
            3
        ],
        [
            2,
            4
        ],
        [
            3,
            9
        ],
        [
            4,
            10
        ],
        [
            5,
            6
        ],
        [
            7,
            8
        ],
        [
            1,
            14
        ],
        [
            14,
            11
        ],
        [
            12,
            13
        ],
        [
            14,
            15
        ],
        [
            2,
            15
        ],
        [
            16,
            17
        ],
        [
            15,
            18
        ],
        [
            9,
            19
        ],
        [
            19,
            20
        ],
        [
            20,
            21
        ],
        [
            21,
            22
        ],
        [
            22,
            23
        ],
        [
            10,
            23
        ],
        [
            19,
            24
        ],
        [
            24,
            25
        ],
        [
            25,
            27
        ],
        [
            27,
            28
        ],
        [
            23,
            28
        ],
        [
            24,
            30
        ],
        [
            28,
            30
        ],
        [
            26,
            29
        ],
        [
            29,
            30
        ]
    ],
    "grafo_normalizado": {
        "1": {
            "2": 1.0,
            "3": 0.7198037791911507,
            "14": 0.37551568694186355
        },
        "2": {
            "1": 1.0,
            "4": 0.6604004875552402,
            "15": 0.2821036133953781
        },
        "3": {
            "1": 0.7198037791911507,
            "9": 0.32765870424651733
        },
        "4": {
            "2": 0.6604004875552402,
            "10": 0.26173789042435824
        },
        "9": {
            "3": 0.32765870424651733,
            "19": 1.0849612136397406
        },
        "10": {
            "4": 0.26173789042435824,
            "23": 1.0434644783031848
        },
        "5": {
            "6": 0.2504772514684412
        },
        "6": {
            "5": 0.2504772514684412
        },
        "7": {
            "8": 0.2679507301205132
        },
        "8": {
            "7": 0.2679507301205132
        },
        "14": {
            "1": 0.37551568694186355,
            "11": 1.1659385049438442,
            "15": 0.5234757808487165
        },
        "11": {
            "14": 1.1659385049438442
        },
        "12": {
            "13": 0.1729188249679848
        },
        "13": {
            "12": 0.1729188249679848
        },
        "15": {
            "14": 0.5234757808487165,
            "2": 0.2821036133953781,
            "18": 1.07496769977314
        },
        "16": {
            "17": 0.21031436046877866
        },
        "17": {
            "16": 0.21031436046877866
        },
        "18": {
            "15": 1.07496769977314
        },
        "19": {
            "9": 1.0849612136397406,
            "20": 0.9110860818546105,
            "24": 0.8600803135690883
        },
        "20": {
            "19": 0.9110860818546105,
            "21": 0.6308028562503857
        },
        "21": {
            "20": 0.6308028562503857,
            "22": 0.48154181486360803
        },
        "22": {
            "21": 0.48154181486360803,
            "23": 0.6641406496727713
        },
        "23": {
            "22": 0.6641406496727713,
            "10": 1.0434644783031848,
            "28": 0.8439451721792877
        },
        "24": {
            "19": 0.8600803135690883,
            "25": 0.4559894710794482,
            "30": 1.3135070530779391
        },
        "25": {
            "24": 0.4559894710794482,
            "27": 1.1425161886513917
        },
        "27": {
            "25": 1.1425161886513917,
            "28": 0.3335986205486898
        },
        "28": {
            "27": 0.3335986205486898,
            "23": 0.8439451721792877,
            "30": 1.156736630347927
        },
        "30": {
            "24": 1.3135070530779391,
            "28": 1.156736630347927,
            "29": 0.4045040124740082
        },
        "26": {
            "29": 0.4768156345252027
        },
        "29": {
            "26": 0.4768156345252027,
            "30": 0.4045040124740082
        }
    }
}