{
    "unidad_base_1_2": 149.08386901338454,
    "aristas": [
        [
            1,
            2
        ],
        [
            1,
            3
        ],
        [
            2,
            4
        ],
        [
            3,
            9
        ],
        [
            4,
            10
        ],
        [
            5,
            6
        ],
        [
            7,
            8
        ],
        [
            1,
            14
        ],
        [
            14,
            11
        ],
        [
            12,
            13
        ],
        [
            14,
            15
        ],
        [
            2,
            15
        ],
        [
            16,
            17
        ],
        [
            15,
            18
        ],
        [
            9,
            19
        ],
        [
            19,
            20
        ],
        [
            20,
            21
        ],
        [
            21,
            22
        ],
        [
            22,
            23
        ],
        [
            10,
            23
        ],
        [
            19,
            24
        ],
        [
            24,
            25
        ],
        [
            25,
            27
        ],
        [
            27,
            28
        ],
        [
            23,
            28
        ],
        [
            24,
            30
        ],
        [
            28,
            30
        ],
        [
            26,
            29
        ],
        [
            29,
            30
        ]
    ],
    "grafo_normalizado": {
        "1": {
            "2": 1.0,
            "3": 0.7555547321656714,
            "14": 0.4160896151113044
        },
        "2": {
            "1": 1.0,
            "4": 0.7112938846718962,
            "15": 0.5258117521891406
        },
        "3": {
            "1": 0.7555547321656714,
            "9": 0.5192679090243992
        },
        "4": {
            "2": 0.7112938846718962,
            "10": 0.43012620072107566
        },
        "9": {
            "3": 0.5192679090243992,
            "19": 0.8858140926158631
        },
        "10": {
            "4": 0.43012620072107566,
            "23": 0.7787791057339432
        },
        "5": {
            "6": 0.1542755775806643
        },
        "6": {
            "5": 0.1542755775806643
        },
        "7": {
            "8": 0.214644281851359
        },
        "8": {
            "7": 0.214644281851359
        },
        "14": {
            "1": 0.4160896151113044,
            "11": 1.193374583149704,
            "15": 0.6564234520511676
        },
        "11": {
            "14": 1.193374583149704
        },
        "12": {
            "13": 0.2683053523141988
        },
        "13": {
            "12": 0.2683053523141988
        },
        "15": {
            "14": 0.6564234520511676,
            "2": 0.5258117521891406,
            "18": 1.206498048741864
        },
        "16": {
            "17": 0.22135191565921397
        },
        "17": {
            "16": 0.22135191565921397
        },
        "18": {
            "15": 1.206498048741864
        },
        "19": {
            "9": 0.8858140926158631,
            "20": 1.3112008724395585,
            "24": 0.9068959045938509
        },
        "20": {
            "19": 1.3112008724395585,
            "21": 0.5605591685818262
        },
        "21": {
            "20": 0.5605591685818262,
            "22": 0.6253587110627186
        },
        "22": {
            "21": 0.6253587110627186,
            "23": 1.1812293589833647
        },
        "23": {
            "22": 1.1812293589833647,
            "10": 0.7787791057339432,
            "28": 1.0973697109688996
        },
        "24": {
            "19": 0.9068959045938509,
            "25": 1.0111632822145191,
            "30": 2.4210934538144
        },
        "25": {
            "24": 1.0111632822145191,
            "27": 1.5568792315397904
        },
        "27": {
            "25": 1.5568792315397904,
            "28": 0.8049440049315959
        },
        "28": {
            "27": 0.8049440049315959,
            "23": 1.0973697109688996,
            "30": 2.1779161223132326
        },
        "30": {
            "24": 2.4210934538144,
            "28": 2.1779161223132326,
            "29": 1.4711754005895825
        },
        "26": {
            "29": 0.3704411848942431
        },
        "29": {
            "26": 0.3704411848942431,
            "30": 1.4711754005895825
        }
    }
}