{
    "unidad_base_1_2": 195.4328529188478,
    "aristas": [
        [
            1,
            2
        ],
        [
            1,
            3
        ],
        [
            2,
            4
        ],
        [
            3,
            9
        ],
        [
            4,
            10
        ],
        [
            5,
            6
        ],
        [
            7,
            8
        ],
        [
            1,
            14
        ],
        [
            14,
            11
        ],
        [
            12,
            13
        ],
        [
            14,
            15
        ],
        [
            2,
            15
        ],
        [
            16,
            17
        ],
        [
            15,
            18
        ],
        [
            9,
            19
        ],
        [
            19,
            20
        ],
        [
            20,
            21
        ],
        [
            21,
            22
        ],
        [
            22,
            23
        ],
        [
            10,
            23
        ],
        [
            19,
            24
        ],
        [
            24,
            25
        ],
        [
            25,
            27
        ],
        [
            27,
            28
        ],
        [
            23,
            28
        ],
        [
            24,
            30
        ],
        [
            28,
            30
        ],
        [
            26,
            29
        ],
        [
            29,
            30
        ]
    ],
    "grafo_normalizado": {
        "1": {
            "2": 1.0,
            "3": 0.769979213834119,
            "14": 0.537877734670297
        },
        "2": {
            "1": 1.0,
            "4": 0.8143667304736618,
            "15": 0.5475265350580358
        },
        "3": {
            "1": 0.769979213834119,
            "9": 0.3910288958934865
        },
        "4": {
            "2": 0.8143667304736618,
            "10": 0.4196126501225263
        },
        "9": {
            "3": 0.3910288958934865,
            "19": 0.941458126909134
        },
        "10": {
            "4": 0.4196126501225263,
            "23": 0.9171154215498003
        },
        "5": {
            "6": 0.17974632010866362
        },
        "6": {
            "5": 0.17974632010866362
        },
        "7": {
            "8": 0.20467387853468902
        },
        "8": {
            "7": 0.20467387853468902
        },
        "14": {
            "1": 0.537877734670297,
            "11": 1.1039352743771431,
            "15": 0.7449187281906351
        },
        "11": {
            "14": 1.1039352743771431
        },
        "12": {
            "13": 0.2872734780870526
        },
        "13": {
            "12": 0.2872734780870526
        },
        "15": {
            "14": 0.7449187281906351,
            "2": 0.5475265350580358,
            "18": 1.1634161786723465
        },
        "16": {
            "17": 0.24560865424162684
        },
        "17": {
            "16": 0.24560865424162684
        },
        "18": {
            "15": 1.1634161786723465
        },
        "19": {
            "9": 0.941458126909134,
            "20": 1.216045352103067,
            "24": 1.0206153817422183
        },
        "20": {
            "19": 1.216045352103067,
            "21": 0.5434708159888594
        },
        "21": {
            "20": 0.5434708159888594,
            "22": 0.623352937881269
        },
        "22": {
            "21": 0.623352937881269,
            "23": 1.3866655270725181
        },
        "23": {
            "22": 1.3866655270725181,
            "10": 0.9171154215498003,
            "28": 0.9951576742756064
        },
        "24": {
            "19": 1.0206153817422183,
            "25": 0.8557534551593559,
            "30": 2.177830093899169
        },
        "25": {
            "24": 0.8557534551593559,
            "27": 1.5125974306027468
        },
        "27": {
            "25": 1.5125974306027468,
            "28": 1.0702041692691329
        },
        "28": {
            "27": 1.0702041692691329,
            "23": 0.9951576742756064,
            "30": 2.387726072270091
        },
        "30": {
            "24": 2.177830093899169,
            "28": 2.387726072270091,
            "29": 1.2084536672998134
        },
        "26": {
            "29": 0.5341409857505158
        },
        "29": {
            "26": 0.5341409857505158,
            "30": 1.2084536672998134
        }
    }
}