{
    "unidad_base_1_2": 121.69634341261039,
    "aristas": [
        [
            1,
            2
        ],
        [
            1,
            3
        ],
        [
            2,
            4
        ],
        [
            3,
            9
        ],
        [
            4,
            10
        ],
        [
            5,
            6
        ],
        [
            7,
            8
        ],
        [
            1,
            14
        ],
        [
            14,
            11
        ],
        [
            12,
            13
        ],
        [
            14,
            15
        ],
        [
            2,
            15
        ],
        [
            16,
            17
        ],
        [
            15,
            18
        ],
        [
            9,
            19
        ],
        [
            19,
            20
        ],
        [
            20,
            21
        ],
        [
            21,
            22
        ],
        [
            22,
            23
        ],
        [
            10,
            23
        ],
        [
            19,
            24
        ],
        [
            24,
            25
        ],
        [
            25,
            27
        ],
        [
            27,
            28
        ],
        [
            23,
            28
        ],
        [
            24,
            30
        ],
        [
            28,
            30
        ],
        [
            26,
            29
        ],
        [
            29,
            30
        ]
    ],
    "grafo_normalizado": {
        "1": {
            "2": 1.0,
            "3": 0.7499718653286968,
            "14": 0.5257064954694759
        },
        "2": {
            "1": 1.0,
            "4": 0.7173456210506294,
            "15": 0.5222917348697965
        },
        "3": {
            "1": 0.7499718653286968,
            "9": 0.5626214326124106
        },
        "4": {
            "2": 0.7173456210506294,
            "10": 0.4109408516132772
        },
        "9": {
            "3": 0.5626214326124106,
            "19": 0.8591957987919373
        },
        "10": {
            "4": 0.4109408516132772,
            "23": 0.8217173761823794
        },
        "5": {
            "6": 0.2032816521843211
        },
        "6": {
            "5": 0.2032816521843211
        },
        "7": {
            "8": 0.20010125728435393
        },
        "8": {
            "7": 0.20010125728435393
        },
        "14": {
            "1": 0.5257064954694759,
            "11": 1.183729443328743,
            "15": 0.6615207654790792
        },
        "11": {
            "14": 1.183729443328743
        },
        "12": {
            "13": 0.2242851951218449
        },
        "13": {
            "12": 0.2242851951218449
        },
        "15": {
            "14": 0.6615207654790792,
            "2": 0.5222917348697965,
            "18": 1.145817040990713
        },
        "16": {
            "17": 0.2392877118615592
        },
        "17": {
            "16": 0.2392877118615592
        },
        "18": {
            "15": 1.145817040990713
        },
        "19": {
            "9": 0.8591957987919373,
            "20": 1.310890342814584,
            "24": 0.8391581260806478
        },
        "20": {
            "19": 1.310890342814584,
            "21": 0.6462377484710665
        },
        "21": {
            "20": 0.6462377484710665,
            "22": 0.5425824164083679
        },
        "22": {
            "21": 0.5425824164083679,
            "23": 1.0929150015166667
        },
        "23": {
            "22": 1.0929150015166667,
            "10": 0.8217173761823794,
            "28": 0.7675473711206672
        },
        "24": {
            "19": 0.8391581260806478,
            "25": 1.1099269704854184,
            "30": 2.2005615881346134
        },
        "25": {
            "24": 1.1099269704854184,
            "27": 1.3594146176326618
        },
        "27": {
            "25": 1.3594146176326618,
            "28": 0.8577800596044203
        },
        "28": {
            "27": 0.8577800596044203,
            "23": 0.7675473711206672,
            "30": 1.852968128311298
        },
        "30": {
            "24": 2.2005615881346134,
            "28": 1.852968128311298,
            "29": 1.0134144156527487
        },
        "26": {
            "29": 0.3862071668057183
        },
        "29": {
            "26": 0.3862071668057183,
            "30": 1.0134144156527487
        }
    }
}